Signature;diameter;average distance;number_of_connections
"C(3; 1, 2)";1;1;7
"C(4; 1, 2)";1;1;4
"C(5; 1, 2)";1;1;2
"C(6; 1, 2)";2;1,2;5
"C(7; 1, 2)";2;1,33333;6
"C(7; 1, 3)";2;1,33333;6
"C(8; 1, 2)";2;1,42857;11
"C(8; 1, 3)";2;1,42857;11
"C(9; 1, 2)";2;1,5;23
"C(9; 1, 3)";2;1,5;23
"C(9; 1, 4)";2;1,5;23
"C(10; 1, 4)";2;1,55556;22
"C(11; 1, 3)";2;1,6;41
"C(11; 1, 4)";2;1,6;41
"C(13; 1, 5)";2;1,66667;134
"C(14; 1, 4)";3;1,76923;131
"C(15; 1, 4)";3;1,85714;160
"C(15; 1, 6)";3;1,85714;160
"C(16; 1, 6)";3;1,93333;96
"C(17; 1, 4)";3;2;112
"C(17; 1, 5)";3;2;112
"C(17; 1, 7)";3;2;112
"C(18; 1, 4)";3;2,05882;146
"C(18; 1, 5)";3;2,05882;146
"C(18; 1, 7)";3;2,05882;146
"C(19; 1, 4)";3;2,11111;180
"C(19; 1, 5)";3;2,11111;180
"C(19; 1, 7)";3;2,11111;180
"C(19; 1, 8)";3;2,11111;180
"C(20; 1, 8)";3;2,15789;191
"C(21; 1, 6)";3;2,2;307
"C(21; 1, 8)";3;2,2;307
"C(22; 1, 6)";3;2,2381;283
"C(23; 1, 5)";3;2,27273;491
"C(23; 1, 9)";3;2,27273;491
"C(25; 1, 7)";3;2,33333;466
"C(26; 1, 10)";4;2,4;546
"C(27; 1, 6)";4;2,46154;565
"C(28; 1, 6)";4;2,51852;657
"C(28; 1, 8)";4;2,51852;657
"C(29; 1, 8)";4;2,57143;744
"C(29; 1, 11)";4;2,57143;744
"C(29; 1, 12)";4;2,57143;744
"C(31; 1, 7)";4;2,66667;955
"C(31; 1, 9)";4;2,66667;955
"C(31; 1, 12)";4;2,66667;955
"C(31; 1, 13)";4;2,66667;955
"C(32; 1, 7)";4;2,70968;980
"C(32; 1, 9)";4;2,70968;980
"C(32; 1, 12)";4;2,70968;980
"C(33; 1, 6)";4;2,75;1102
"C(33; 1, 7)";4;2,75;1102
"C(33; 1, 9)";4;2,75;1102
"C(33; 1, 14)";4;2,75;1102
"C(34; 1, 6)";4;2,78788;1959
"C(35; 1, 10)";4;2,82353;1379
"C(36; 1, 8)";4;2,85714;2356
"C(36; 1, 10)";4;2,85714;2356
"C(37; 1, 8)";4;2,88889;1634
"C(37; 1, 14)";4;2,88889;1634
"C(38; 1, 16)";4;2,91892;1744
"C(39; 1, 7)";4;2,94737;1887
"C(39; 1, 11)";4;2,94737;1887
"C(41; 1, 9)";4;3;2438
"C(42; 1, 16)";5;3,04878;2315
"C(43; 1, 12)";5;3,09524;2853
"C(43; 1, 18)";5;3,09524;2853
"C(44; 1, 8)";5;3,13953;3031
"C(45; 1, 8)";5;3,18182;3105
"C(45; 1, 10)";5;3,18182;3105
"C(45; 1, 17)";5;3,18182;3105
"C(45; 1, 19)";5;3,18182;3105
"C(46; 1, 10)";5;3,22222;3535
"C(47; 1, 13)";5;3,26087;3871
"C(47; 1, 18)";5;3,26087;3871
"C(48; 1, 20)";5;3,29787;3932
"C(49; 1, 9)";5;3,33333;4782
"C(49; 1, 11)";5;3,33333;4782
"C(50; 1, 9)";5;3,36735;4575
"C(50; 1, 11)";5;3,36735;4575
"C(50; 1, 14)";5;3,36735;4575
"C(50; 1, 19)";5;3,36735;4575
"C(50; 1, 21)";5;3,36735;4575
"C(51; 1, 9)";5;3,4;4940
"C(51; 1, 11)";5;3,4;4940
"C(51; 1, 14)";5;3,4;4940
"C(52; 1, 8)";5;3,43137;5135
"C(52; 1, 22)";5;3,43137;5135
"C(53; 1, 8)";5;3,46154;5967
"C(53; 1, 20)";5;3,46154;5967
"C(54; 1, 12)";5;3,49057;5606
"C(55; 1, 10)";5;3,51852;6653
"C(55; 1, 12)";5;3,51852;6653
"C(55; 1, 21)";5;3,51852;6653
"C(55; 1, 23)";5;3,51852;6653
"C(56; 1, 10)";5;3,54545;6618
"C(57; 1, 24)";5;3,57143;7336
"C(58; 1, 22)";5;3,59649;7662
"C(59; 1, 9)";5;3,62069;13168
"C(59; 1, 13)";5;3,62069;13168
"C(61; 1, 11)";5;3,66667;10406
"C(62; 1, 26)";6;3,70492;9613
"C(63; 1, 24)";6;3,74194;10301
"C(64; 1, 14)";6;3,77778;11051
"C(65; 1, 10)";6;3,8125;12037
"C(65; 1, 18)";6;3,8125;12037
"C(66; 1, 10)";6;3,84615;11658
"C(66; 1, 12)";6;3,84615;11658
"C(67; 1, 12)";6;3,87879;21004
"C(67; 1, 28)";6;3,87879;21004
"C(68; 1, 26)";6;3,91045;13164
"C(69; 1, 15)";6;3,94118;14115
"C(69; 1, 19)";6;3,94118;14115
"C(69; 1, 29)";6;3,94118;14115
"C(71; 1, 11)";6;4;17026
"C(71; 1, 13)";6;4;17026
"C(71; 1, 21)";6;4;17026
"C(71; 1, 27)";6;4;17026
"C(72; 1, 11)";6;4,02817;15402
"C(72; 1, 13)";6;4,02817;15402
"C(72; 1, 30)";6;4,02817;15402
"C(73; 1, 11)";6;4,05556;19232
"C(73; 1, 13)";6;4,05556;19232
"C(73; 1, 16)";6;4,05556;19232
"C(73; 1, 20)";6;4,05556;19232
"C(73; 1, 28)";6;4,05556;19232
"C(73; 1, 32)";6;4,05556;19232
"C(74; 1, 22)";6;4,08219;18381
"C(75; 1, 10)";6;4,10811;26429
"C(75; 1, 33)";6;4,10811;26429
"C(76; 1, 10)";6;4,13333;20036
"C(77; 1, 14)";6;4,15789;22509
"C(78; 1, 12)";6;4,18182;21106
"C(78; 1, 14)";6;4,18182;21106
"C(79; 1, 12)";6;4,20513;24965
"C(79; 1, 33)";6;4,20513;24965
"C(80; 1, 22)";6;4,22785;23377
"C(81; 1, 24)";6;4,25;26619
"C(82; 1, 36)";6;4,2716;27004
"C(83; 1, 11)";6;4,29268;30567
"C(83; 1, 15)";6;4,29268;30567
"C(85; 1, 13)";6;4,33333;31900
"C(86; 1, 36)";7;4,36471;31462
"C(87; 1, 24)";7;4,39535;33460
"C(88; 1, 26)";7;4,42529;33541
"C(89; 1, 16)";7;4,45455;36857
"C(89; 1, 34)";7;4,45455;36857
"C(89; 1, 39)";7;4,45455;36857
"C(90; 1, 12)";7;4,48315;42331
"C(91; 1, 12)";7;4,51111;40882
"C(91; 1, 14)";7;4,51111;40882
"C(91; 1, 25)";7;4,51111;40882
"C(91; 1, 27)";7;4,51111;40882
"C(91; 1, 38)";7;4,51111;40882
"C(91; 1, 40)";7;4,51111;40882
"C(92; 1, 14)";7;4,53846;38391
"C(93; 1, 39)";7;4,56522;41431
"C(94; 1, 26)";7;4,5914;42095
"C(94; 1, 36)";7;4,5914;42095
"C(95; 1, 17)";7;4,61702;45880
"C(95; 1, 28)";7;4,61702;45880
"C(96; 1, 42)";7;4,64211;42647
"C(97; 1, 13)";7;4,66667;51487
"C(97; 1, 15)";7;4,66667;51487
"C(98; 1, 13)";7;4,69072;48979
"C(98; 1, 15)";7;4,69072;48979
"C(98; 1, 27)";7;4,69072;48979
"C(98; 1, 29)";7;4,69072;48979
"C(98; 1, 36)";7;4,69072;48979
"C(98; 1, 41)";7;4,69072;48979
"C(98; 1, 43)";7;4,69072;48979
"C(99; 1, 13)";7;4,71429;53273
"C(99; 1, 15)";7;4,71429;53273
"C(99; 1, 38)";7;4,71429;53273
"C(100; 1, 18)";7;4,73737;51206
"C(100; 1, 44)";7;4,73737;51206
"C(101; 1, 30)";7;4,76;60747
"C(101; 1, 37)";7;4,76;60747
"C(102; 1, 12)";7;4,78218;54971
"C(102; 1, 28)";7;4,78218;54971
"C(103; 1, 12)";7;4,80392;64754
"C(103; 1, 43)";7;4,80392;64754
"C(104; 1, 16)";7;4,82524;65194
"C(105; 1, 14)";7;4,84615;63706
"C(105; 1, 16)";7;4,84615;63706
"C(105; 1, 29)";7;4,84615;63706
"C(105; 1, 31)";7;4,84615;63706
"C(105; 1, 44)";7;4,84615;63706
"C(105; 1, 46)";7;4,84615;63706
"C(106; 1, 14)";7;4,86667;66906
"C(107; 1, 41)";7;4,88679;75600
"C(107; 1, 47)";7;4,88679;75600
"C(108; 1, 32)";7;4,90654;65506
"C(109; 1, 30)";7;4,92593;80071
"C(109; 1, 40)";7;4,92593;80071
"C(110; 1, 46)";7;4,94495;77832
"C(111; 1, 13)";7;4,96364;80845
"C(111; 1, 17)";7;4,96364;80845
"C(113; 1, 15)";7;5;91615
"C(114; 1, 50)";8;5,02655;92887
"C(115; 1, 34)";8;5,05263;96331
"C(115; 1, 44)";8;5,05263;96331
"C(116; 1, 32)";8;5,07826;90794
"C(117; 1, 43)";8;5,10345;104192
"C(117; 1, 49)";8;5,10345;104192
"C(118; 1, 18)";8;5,12821;98538
"C(119; 1, 14)";8;5,15254;123506
"C(120; 1, 14)";8;5,17647;102024
"C(120; 1, 16)";8;5,17647;102024
"C(120; 1, 44)";8;5,17647;102024
"C(120; 1, 46)";8;5,17647;102024
"C(121; 1, 16)";8;5,2;117896
"C(121; 1, 53)";8;5,2;117896
"C(122; 1, 36)";8;5,22314;112551
"C(123; 1, 34)";8;5,2459;120163
"C(123; 1, 47)";8;5,2459;120163
"C(123; 1, 54)";8;5,2459;120163
"C(124; 1, 52)";8;5,26829;119989
"C(125; 1, 19)";8;5,29032;130605
"C(125; 1, 27)";8;5,29032;130605
"C(125; 1, 37)";8;5,29032;130605
"C(125; 1, 46)";8;5,29032;130605
"C(127; 1, 15)";8;5,33333;142153
"C(127; 1, 17)";8;5,33333;142153
"C(127; 1, 29)";8;5,33333;142153
"C(127; 1, 35)";8;5,33333;142153
"C(128; 1, 15)";8;5,35433;131634
"C(128; 1, 17)";8;5,35433;131634
"C(128; 1, 47)";8;5,35433;131634
"C(128; 1, 49)";8;5,35433;131634
"C(128; 1, 56)";8;5,35433;131634
"C(129; 1, 15)";8;5,375;145528
"C(129; 1, 17)";8;5,375;145528
"C(129; 1, 38)";8;5,375;145528
"C(129; 1, 54)";8;5,375;145528
"C(130; 1, 28)";8;5,39535;140455
"C(131; 1, 20)";8;5,41538;163324
"C(131; 1, 30)";8;5,41538;163324
"C(131; 1, 48)";8;5,41538;163324
"C(131; 1, 59)";8;5,41538;163324
"C(133; 1, 14)";8;5,45455;176514
"C(133; 1, 51)";8;5,45455;176514
"C(133; 1, 60)";8;5,45455;176514
"C(134; 1, 14)";8;5,47368;160142
"C(135; 1, 18)";8;5,49254;172753
"C(136; 1, 16)";8;5,51111;175001
"C(136; 1, 18)";8;5,51111;175001
"C(136; 1, 50)";8;5,51111;175001
"C(136; 1, 52)";8;5,51111;175001
"C(137; 1, 16)";8;5,52941;190925
"C(137; 1, 60)";8;5,52941;190925
"C(139; 1, 30)";8;5,56522;204141
"C(139; 1, 51)";8;5,56522;204141
"C(140; 1, 32)";8;5,58273;181234
"C(141; 1, 54)";8;5,6;228014
"C(142; 1, 64)";8;5,61702;199122
"C(143; 1, 15)";8;5,6338;249504
"C(143; 1, 19)";8;5,6338;249504
"C(145; 1, 17)";8;5,66667;246291
"C(146; 1, 64)";9;5,68966;322850
"C(147; 1, 54)";9;5,71233;305683
"C(148; 1, 32)";9;5,73469;242587
"C(149; 1, 34)";9;5,75676;326338
"C(149; 1, 44)";9;5,75676;326338
"C(149; 1, 57)";9;5,75676;326338
"C(151; 1, 20)";9;5,8;355857
"C(151; 1, 68)";9;5,8;355857
"C(152; 1, 16)";9;5,82119;279978
"C(153; 1, 16)";9;5,84211;411809
"C(153; 1, 18)";9;5,84211;411809
"C(153; 1, 33)";9;5,84211;411809
"C(153; 1, 35)";9;5,84211;411809
"C(153; 1, 67)";9;5,84211;411809
"C(153; 1, 69)";9;5,84211;411809
"C(154; 1, 18)";9;5,86275;360394
"C(155; 1, 57)";9;5,88312;431063
"C(155; 1, 68)";9;5,88312;431063
"C(156; 1, 46)";9;5,90323;453386
"C(157; 1, 34)";9;5,92308;431970
"C(157; 1, 60)";9;5,92308;431970
"C(158; 1, 36)";9;5,94268;390734
"C(158; 1, 58)";9;5,94268;390734
"C(159; 1, 21)";9;5,96203;413980
"C(160; 1, 72)";9;5,98113;465965
"C(161; 1, 17)";9;6;511983
"C(161; 1, 19)";9;6;511983
"C(162; 1, 17)";9;6,01863;380067
"C(162; 1, 19)";9;6,01863;380067
"C(162; 1, 35)";9;6,01863;380067
"C(162; 1, 37)";9;6,01863;380067
"C(162; 1, 62)";9;6,01863;380067
"C(162; 1, 71)";9;6,01863;380067
"C(162; 1, 73)";9;6,01863;380067
"C(163; 1, 17)";9;6,03704;468821
"C(163; 1, 19)";9;6,03704;468821
"C(163; 1, 48)";9;6,03704;468821
"C(163; 1, 60)";9;6,03704;468821
"C(164; 1, 50)";9;6,05521;422498
"C(164; 1, 74)";9;6,05521;422498
"C(166; 1, 22)";9;6,09091;513961
"C(166; 1, 38)";9;6,09091;513961
"C(167; 1, 36)";9;6,10843;487779
"C(167; 1, 51)";9;6,10843;487779
"C(168; 1, 16)";9;6,12575;432319
"C(169; 1, 16)";9;6,14286;526939
"C(169; 1, 74)";9;6,14286;526939
"C(170; 1, 20)";9;6,15976;468645
"C(171; 1, 18)";9;6,17647;530759
"C(171; 1, 20)";9;6,17647;530759
"C(171; 1, 37)";9;6,17647;530759
"C(171; 1, 39)";9;6,17647;530759
"C(171; 1, 75)";9;6,17647;530759
"C(171; 1, 77)";9;6,17647;530759
"C(172; 1, 18)";9;6,19298;504115
"C(173; 1, 51)";9;6,2093;574506
"C(173; 1, 78)";9;6,2093;574506
"C(175; 1, 40)";9;6,24138;582740
"C(176; 1, 38)";9;6,25714;526425
"C(177; 1, 54)";9;6,27273;582463
"C(178; 1, 78)";9;6,28814;596077
"C(179; 1, 17)";9;6,30337;657346
"C(179; 1, 21)";9;6,30337;657346
"C(181; 1, 19)";9;6,33333;720906
"C(182; 1, 82)";10;6,35359;696903
"C(183; 1, 54)";10;6,37363;671697
"C(184; 1, 42)";10;6,39344;635388
"C(185; 1, 40)";10;6,41304;727708
"C(185; 1, 68)";10;6,41304;727708
"C(187; 1, 57)";10;6,45161;783213
"C(187; 1, 82)";10;6,45161;783213
"C(188; 1, 22)";10;6,47059;718334
"C(189; 1, 18)";10;6,48936;768472
"C(190; 1, 18)";10;6,50794;731389
"C(190; 1, 20)";10;6,50794;731389
"C(190; 1, 56)";10;6,50794;731389
"C(190; 1, 58)";10;6,50794;731389
"C(191; 1, 20)";10;6,52632;865250
"C(191; 1, 86)";10;6,52632;865250
"C(193; 1, 44)";10;6,5625;903978
"C(193; 1, 57)";10;6,5625;903978
"C(193; 1, 71)";10;6,5625;903978
"C(193; 1, 87)";10;6,5625;903978
"C(194; 1, 42)";10;6,58031;847641
"C(195; 1, 54)";10;6,59794;837673
"C(196; 1, 86)";10;6,61538;835738
"C(197; 1, 23)";10;6,63265;954494
"C(197; 1, 35)";10;6,63265;954494
"C(197; 1, 45)";10;6,63265;954494
"C(197; 1, 60)";10;6,63265;954494
"C(199; 1, 19)";10;6,66667;969352
"C(199; 1, 21)";10;6,66667;969352
"C(199; 1, 37)";10;6,66667;969352
"C(199; 1, 43)";10;6,66667;969352
"C(200; 1, 19)";10;6,68342;865000
"C(200; 1, 21)";10;6,68342;865000
"C(200; 1, 59)";10;6,68342;865000
"C(200; 1, 61)";10;6,68342;865000
"C(200; 1, 90)";10;6,68342;865000
"C(201; 1, 19)";10;6,7;973849
"C(201; 1, 21)";10;6,7;973849
"C(201; 1, 54)";10;6,7;973849
"C(201; 1, 74)";10;6,7;973849
"C(202; 1, 56)";10;6,71642;914408
"C(203; 1, 36)";10;6,73267;1049625
"C(203; 1, 62)";10;6,73267;1049625
"C(203; 1, 73)";10;6,73267;1049625
"C(203; 1, 89)";10;6,73267;1049625
"C(204; 1, 38)";10;6,74877;844080
"C(205; 1, 24)";10;6,76471;1042887
"C(205; 1, 55)";10;6,76471;1042887
"C(205; 1, 94)";10;6,76471;1042887
"C(206; 1, 74)";10;6,78049;986700
"C(207; 1, 18)";10;6,79612;1033055
"C(207; 1, 61)";10;6,79612;1033055
"C(207; 1, 95)";10;6,79612;1033055
"C(208; 1, 18)";10;6,81159;1018482
"C(209; 1, 22)";10;6,82692;1145830
"C(210; 1, 20)";10;6,84211;1070043
"C(210; 1, 22)";10;6,84211;1070043
"C(210; 1, 62)";10;6,84211;1070043
"C(210; 1, 64)";10;6,84211;1070043
"C(211; 1, 20)";10;6,85714;1218239
"C(211; 1, 95)";10;6,85714;1218239
"C(212; 1, 78)";10;6,87204;1114712
"C(213; 1, 59)";10;6,88679;1199563
"C(213; 1, 65)";10;6,88679;1199563
"C(214; 1, 38)";10;6,90141;1200953
"C(215; 1, 40)";10;6,91589;1315286
"C(216; 1, 58)";10;6,93023;1045313
"C(217; 1, 64)";10;6,94444;1391808
"C(217; 1, 78)";10;6,94444;1391808
"C(218; 1, 100)";10;6,95853;1235754
"C(219; 1, 19)";10;6,97248;1276787
"C(219; 1, 23)";10;6,97248;1276787
"C(221; 1, 21)";10;7;1437209
"C(222; 1, 100)";11;7,0181;1254879
"C(223; 1, 68)";11;7,03604;1548374
"C(223; 1, 82)";11;7,03604;1548374
"C(224; 1, 62)";11;7,05381;1335649
"C(225; 1, 40)";11;7,07143;1550575
"C(226; 1, 42)";11;7,08889;1370886
"C(227; 1, 61)";11;7,10619;1323861
"C(227; 1, 67)";11;7,10619;1323861
"C(228; 1, 82)";11;7,12335;1172707
"C(229; 1, 24)";11;7,14035;1336183
"C(229; 1, 105)";11;7,14035;1336183
"C(230; 1, 20)";11;7,15721;1215950
"C(231; 1, 20)";11;7,17391;1258188
"C(231; 1, 22)";11;7,17391;1258188
"C(231; 1, 41)";11;7,17391;1258188
"C(231; 1, 43)";11;7,17391;1258188
"C(231; 1, 62)";11;7,17391;1258188
"C(231; 1, 64)";11;7,17391;1258188
"C(231; 1, 83)";11;7,17391;1258188
"C(231; 1, 85)";11;7,17391;1258188
"C(231; 1, 104)";11;7,17391;1258188
"C(231; 1, 106)";11;7,17391;1258188
"C(232; 1, 22)";11;7,19048;1263907
"C(233; 1, 71)";11;7,2069;1459284
"C(233; 1, 105)";11;7,2069;1459284
"C(234; 1, 86)";11;7,22318;1233280
"C(235; 1, 65)";11;7,23932;1476052
"C(236; 1, 42)";11;7,25532;1426102
"C(236; 1, 72)";11;7,25532;1426102
"C(237; 1, 44)";11;7,27119;1437078
"C(237; 1, 70)";11;7,27119;1437078
"C(238; 1, 64)";11;7,28692;1384711
"C(238; 1, 100)";11;7,28692;1384711
"C(239; 1, 25)";11;7,30252;1616337
"C(239; 1, 86)";11;7,30252;1616337
"C(240; 1, 110)";11;7,31799;1307630
"C(241; 1, 21)";11;7,33333;1651913
"C(241; 1, 23)";11;7,33333;1651913
"C(242; 1, 21)";11;7,34855;1637233
"C(242; 1, 23)";11;7,34855;1637233
"C(242; 1, 43)";11;7,34855;1637233
"C(242; 1, 45)";11;7,34855;1637233
"C(242; 1, 65)";11;7,34855;1637233
"C(242; 1, 67)";11;7,34855;1637233
"C(242; 1, 87)";11;7,34855;1637233
"C(242; 1, 89)";11;7,34855;1637233
"C(242; 1, 100)";11;7,34855;1637233
"C(242; 1, 109)";11;7,34855;1637233
"C(242; 1, 111)";11;7,34855;1637233
"C(243; 1, 21)";11;7,36364;1962727
"C(243; 1, 23)";11;7,36364;1962727
"C(243; 1, 74)";11;7,36364;1962727
"C(244; 1, 72)";11;7,3786;1996484
"C(244; 1, 112)";11;7,3786;1996484
"C(245; 1, 88)";11;7,39344;1898037
"C(245; 1, 103)";11;7,39344;1898037
"C(246; 1, 66)";11;7,40816;1679548
"C(247; 1, 46)";11;7,42276;2017861
"C(247; 1, 102)";11;7,42276;2017861
"C(248; 1, 26)";11;7,43725;2029384
"C(248; 1, 44)";11;7,43725;2029384
"C(249; 1, 69)";11;7,45161;1927013
"C(250; 1, 20)";11;7,46586;1862023
"C(250; 1, 92)";11;7,46586;1862023
"C(251; 1, 20)";11;7,48;2244824
"C(251; 1, 113)";11;7,48;2244824
"C(252; 1, 24)";11;7,49402;1844412
"C(253; 1, 22)";11;7,50794;2361262
"C(253; 1, 24)";11;7,50794;2361262
"C(253; 1, 45)";11;7,50794;2361262
"C(253; 1, 47)";11;7,50794;2361262
"C(253; 1, 68)";11;7,50794;2361262
"C(253; 1, 70)";11;7,50794;2361262
"C(253; 1, 91)";11;7,50794;2361262
"C(253; 1, 93)";11;7,50794;2361262
"C(253; 1, 114)";11;7,50794;2361262
"C(253; 1, 116)";11;7,50794;2361262
"C(254; 1, 22)";11;7,52174;2287438
"C(255; 1, 117)";11;7,53543;2223907
"C(256; 1, 92)";11;7,54902;1873393
"C(257; 1, 69)";11;7,5625;2155874
"C(257; 1, 108)";11;7,5625;2155874
"C(258; 1, 48)";11;7,57588;2145081
"C(259; 1, 46)";11;7,58915;2419800
"C(259; 1, 107)";11;7,58915;2419800
"C(260; 1, 72)";11;7,60232;1930270
"C(261; 1, 96)";11;7,61538;2088805
"C(262; 1, 118)";11;7,62835;2452697
"C(263; 1, 21)";11;7,64122;2559531
"C(263; 1, 25)";11;7,64122;2559531
"C(265; 1, 23)";11;7,66667;2339221
"C(266; 1, 122)";12;7,68302;2187078
"C(267; 1, 96)";12;7,69925;2335283
"C(268; 1, 72)";12;7,71536;2207884
"C(269; 1, 50)";12;7,73134;2554205
"C(269; 1, 82)";12;7,73134;2554205
"C(269; 1, 113)";12;7,73134;2554205
"C(270; 1, 48)";12;7,74721;2063536
"C(271; 1, 75)";12;7,76296;2561529
"C(271; 1, 112)";12;7,76296;2561529
"C(272; 1, 100)";12;7,7786;2483376
"C(273; 1, 123)";12;7,79412;2695185
"C(274; 1, 26)";12;7,80952;2714763
"C(275; 1, 22)";12;7,82482;2818521
"C(276; 1, 22)";12;7,84;2522399
"C(276; 1, 24)";12;7,84;2522399
"C(276; 1, 114)";12;7,84;2522399
"C(276; 1, 116)";12;7,84;2522399
"C(277; 1, 24)";12;7,85507;3000291
"C(277; 1, 127)";12;7,85507;3000291
"C(278; 1, 100)";12;7,87004;2821737
"C(279; 1, 75)";12;7,88489;3059559
"C(279; 1, 85)";12;7,88489;3059559
"C(279; 1, 128)";12;7,88489;3059559
"C(280; 1, 52)";12;7,89964;2843690
"C(281; 1, 50)";12;7,91429;3163838
"C(281; 1, 64)";12;7,91429;3163838
"C(281; 1, 101)";12;7,91429;3163838
"C(281; 1, 118)";12;7,91429;3163838
"C(282; 1, 78)";12;7,92883;2758272
"C(283; 1, 76)";12;7,94326;3494098
"C(283; 1, 104)";12;7,94326;3494098
"C(283; 1, 108)";12;7,94326;3494098
"C(283; 1, 117)";12;7,94326;3494098
"C(284; 1, 128)";12;7,9576;2780276
"C(285; 1, 27)";12;7,97183;2949016
"C(285; 1, 43)";12;7,97183;2949016
"C(285; 1, 53)";12;7,97183;2949016
"C(287; 1, 23)";12;8;3487845
"C(287; 1, 25)";12;8;3487845
"C(287; 1, 45)";12;8;3487845
"C(287; 1, 51)";12;8;3487845
"C(288; 1, 23)";12;8,01394;2976372
"C(288; 1, 25)";12;8,01394;2976372
"C(288; 1, 119)";12;8,01394;2976372
"C(288; 1, 121)";12;8,01394;2976372
"C(288; 1, 132)";12;8,01394;2976372
"C(289; 1, 23)";12;8,02778;3710560
"C(289; 1, 25)";12;8,02778;3710560
"C(289; 1, 80)";12;8,02778;3710560
"C(289; 1, 88)";12;8,02778;3710560
"C(289; 1, 104)";12;8,02778;3710560
"C(289; 1, 112)";12;8,02778;3710560
"C(290; 1, 66)";12;8,04152;3170866
"C(291; 1, 68)";12;8,05517;3565888
"C(291; 1, 107)";12;8,05517;3565888
"C(291; 1, 111)";12;8,05517;3565888
"C(292; 1, 44)";12;8,06873;3679582
"C(293; 1, 46)";12;8,08219;3534404
"C(293; 1, 91)";12;8,08219;3534404
"C(293; 1, 121)";12;8,08219;3534404
"C(293; 1, 132)";12;8,08219;3534404
"C(294; 1, 114)";12;8,09556;2981477
"C(295; 1, 28)";12;8,10884;3520654
"C(295; 1, 69)";12;8,10884;3520654
"C(295; 1, 124)";12;8,10884;3520654
"C(295; 1, 137)";12;8,10884;3520654
"C(296; 1, 92)";12;8,12203;3324852
"C(297; 1, 22)";12;8,13514;3538698
"C(297; 1, 138)";12;8,13514;3538698
"C(298; 1, 22)";12;8,14815;3813886
"C(299; 1, 26)";12;8,16107;4099925
"C(300; 1, 24)";12;8,17391;3383260
"C(300; 1, 26)";12;8,17391;3383260
"C(300; 1, 124)";12;8,17391;3383260
"C(300; 1, 126)";12;8,17391;3383260
"C(301; 1, 24)";12;8,18667;4356753
"C(301; 1, 138)";12;8,18667;4356753
"C(302; 1, 92)";12;8,19934;3834655
"C(303; 1, 69)";12;8,21192;4003603
"C(304; 1, 116)";12;8,22442;4129684
"C(305; 1, 46)";12;8,23684;4571935
"C(305; 1, 126)";12;8,23684;4571935
"C(306; 1, 48)";12;8,24918;3639146
"C(307; 1, 119)";12;8,26144;4440172
"C(307; 1, 129)";12;8,26144;4440172
"C(308; 1, 72)";12;8,27362;3949100
"C(309; 1, 96)";12;8,28571;5588680
"C(310; 1, 144)";12;8,29773;4637344
"C(311; 1, 23)";12;8,30968;5031597
"C(311; 1, 27)";12;8,30968;5031597
"C(313; 1, 25)";12;8,33333;4886666
"C(314; 1, 144)";13;8,34824;4385212
"C(315; 1, 96)";13;8,36306;4463548
"C(316; 1, 72)";13;8,37778;4219176
"C(317; 1, 114)";13;8,39241;4900688
"C(317; 1, 121)";13;8,39241;4900688
"C(317; 1, 131)";13;8,39241;4900688
"C(318; 1, 48)";13;8,40694;4095273
"C(319; 1, 50)";13;8,42138;4945201
"C(319; 1, 134)";13;8,42138;4945201
"C(320; 1, 124)";13;8,43574;4366230
"C(321; 1, 75)";13;8,45;5339196
"C(322; 1, 100)";13;8,46417;5762950
"C(323; 1, 28)";13;8,47826;5282359
"C(323; 1, 150)";13;8,47826;5282359
"C(324; 1, 24)";13;8,49226;4355231
"C(325; 1, 24)";13;8,50617;5146932
"C(325; 1, 26)";13;8,50617;5146932
"C(325; 1, 49)";13;8,50617;5146932
"C(325; 1, 51)";13;8,50617;5146932
"C(325; 1, 74)";13;8,50617;5146932
"C(325; 1, 76)";13;8,50617;5146932
"C(325; 1, 99)";13;8,50617;5146932
"C(325; 1, 101)";13;8,50617;5146932
"C(325; 1, 124)";13;8,50617;5146932
"C(325; 1, 126)";13;8,50617;5146932
"C(325; 1, 149)";13;8,50617;5146932
"C(325; 1, 151)";13;8,50617;5146932
"C(326; 1, 26)";13;8,52;4805373
"C(327; 1, 150)";13;8,53374;5073244
"C(328; 1, 100)";13;8,5474;4879914
"C(328; 1, 118)";13;8,5474;4879914
"C(329; 1, 75)";13;8,56098;5788128
"C(329; 1, 136)";13;8,56098;5788128
"C(330; 1, 126)";13;8,57447;4684825
"C(331; 1, 50)";13;8,58788;6040532
"C(331; 1, 139)";13;8,58788;6040532
"C(332; 1, 52)";13;8,60121;5206205
"C(332; 1, 72)";13;8,60121;5206205
"C(333; 1, 129)";13;8,61446;5704511
"C(334; 1, 78)";13;8,62763;5450922
"C(334; 1, 138)";13;8,62763;5450922
"C(335; 1, 29)";13;8,64072;5791084
"C(335; 1, 104)";13;8,64072;5791084
"C(336; 1, 156)";13;8,65373;4823144
"C(337; 1, 25)";13;8,66667;6190294
"C(337; 1, 27)";13;8,66667;6190294
"C(338; 1, 25)";13;8,67953;5760956
"C(338; 1, 27)";13;8,67953;5760956
"C(338; 1, 51)";13;8,67953;5760956
"C(338; 1, 53)";13;8,67953;5760956
"C(338; 1, 77)";13;8,67953;5760956
"C(338; 1, 79)";13;8,67953;5760956
"C(338; 1, 103)";13;8,67953;5760956
"C(338; 1, 105)";13;8,67953;5760956
"C(338; 1, 129)";13;8,67953;5760956
"C(338; 1, 131)";13;8,67953;5760956
"C(338; 1, 142)";13;8,67953;5760956
"C(338; 1, 155)";13;8,67953;5760956
"C(338; 1, 157)";13;8,67953;5760956
"C(339; 1, 25)";13;8,69231;6034696
"C(339; 1, 27)";13;8,69231;6034696
"C(339; 1, 122)";13;8,69231;6034696
"C(340; 1, 72)";13;8,70501;5592274
"C(340; 1, 158)";13;8,70501;5592274
"C(341; 1, 74)";13;8,71765;6548490
"C(341; 1, 106)";13;8,71765;6548490
"C(342; 1, 80)";13;8,73021;5544017
"C(343; 1, 133)";13;8,74269;6463790
"C(344; 1, 54)";13;8,7551;5765574
"C(344; 1, 122)";13;8,7551;5765574
"C(345; 1, 52)";13;8,76744;6040348
"C(345; 1, 73)";13;8,76744;6040348
"C(346; 1, 30)";13;8,77971;6048903
"C(346; 1, 132)";13;8,77971;6048903
"C(347; 1, 79)";13;8,79191;8122496
"C(347; 1, 123)";13;8,79191;8122496
"C(348; 1, 24)";13;8,80403;7397534
"C(348; 1, 106)";13;8,80403;7397534
"C(349; 1, 24)";13;8,81609;8461601
"C(349; 1, 160)";13;8,81609;8461601
"C(350; 1, 28)";13;8,82808;8133498
"C(351; 1, 26)";13;8,84;8181177
"C(351; 1, 28)";13;8,84;8181177
"C(351; 1, 53)";13;8,84;8181177
"C(351; 1, 55)";13;8,84;8181177
"C(351; 1, 80)";13;8,84;8181177
"C(351; 1, 82)";13;8,84;8181177
"C(351; 1, 107)";13;8,84;8181177
"C(351; 1, 109)";13;8,84;8181177
"C(351; 1, 134)";13;8,84;8181177
"C(351; 1, 136)";13;8,84;8181177
"C(351; 1, 161)";13;8,84;8181177
"C(351; 1, 163)";13;8,84;8181177
"C(352; 1, 26)";13;8,85185;7711649
"C(353; 1, 127)";13;8,86364;8401083
"C(353; 1, 164)";13;8,86364;8401083
"C(354; 1, 110)";13;8,87535;7005075
"C(355; 1, 77)";13;8,88701;8696501
"C(355; 1, 83)";13;8,88701;8696501
"C(356; 1, 138)";13;8,89859;8009047
"C(357; 1, 56)";13;8,91011;8669181
"C(358; 1, 54)";13;8,92157;7733385
"C(359; 1, 76)";13;8,93296;8929053
"C(359; 1, 137)";13;8,93296;8929053
"C(360; 1, 82)";13;8,94429;8176767
"C(361; 1, 110)";13;8,95556;8976774
"C(361; 1, 128)";13;8,95556;8976774
"C(362; 1, 166)";13;8,96676;9185748
"C(363; 1, 25)";13;8,9779;8640553
"C(363; 1, 29)";13;8,9779;8640553
"C(365; 1, 27)";13;9;8609897
"C(366; 1, 170)";14;9,0137;7364136
"C(367; 1, 114)";14;9,02732;9126418
"C(367; 1, 132)";14;9,02732;9126418
"C(368; 1, 86)";14;9,04087;7447311
"C(369; 1, 80)";14;9,05435;8134141
"C(369; 1, 143)";14;9,05435;8134141
"C(370; 1, 58)";14;9,06775;7610541
"C(371; 1, 56)";14;9,08108;8680413
"C(372; 1, 142)";14;9,09434;7530967
"C(373; 1, 79)";14;9,10753;9198881
"C(373; 1, 85)";14;9,10753;9198881
"C(374; 1, 114)";14;9,12064;8126205
"C(375; 1, 133)";14;9,13369;8383784
"C(375; 1, 172)";14;9,13369;8383784
"C(376; 1, 30)";14;9,14667;8073066
"C(377; 1, 26)";14;9,15957;9332185
"C(378; 1, 26)";14;9,17241;7743998
"C(378; 1, 28)";14;9,17241;7743998
"C(378; 1, 80)";14;9,17241;7743998
"C(378; 1, 82)";14;9,17241;7743998
"C(378; 1, 134)";14;9,17241;7743998
"C(378; 1, 136)";14;9,17241;7743998
"C(379; 1, 28)";14;9,18519;9581972
"C(379; 1, 176)";14;9,18519;9581972
"C(380; 1, 118)";14;9,19789;8290718
"C(381; 1, 89)";14;9,21053;9253218
"C(381; 1, 137)";14;9,21053;9253218
"C(381; 1, 177)";14;9,21053;9253218
"C(382; 1, 148)";14;9,2231;9121954
"C(383; 1, 60)";14;9,2356;10409985
"C(383; 1, 83)";14;9,2356;10409985
"C(383; 1, 103)";14;9,2356;10409985
"C(383; 1, 119)";14;9,2356;10409985
"C(384; 1, 58)";14;9,24804;8887016
"C(385; 1, 90)";14;9,26042;9794208
"C(385; 1, 147)";14;9,26042;9794208
"C(386; 1, 88)";14;9,27273;9212011
"C(387; 1, 82)";14;9,28497;9592658
"C(387; 1, 118)";14;9,28497;9592658
"C(387; 1, 150)";14;9,28497;9592658
"C(388; 1, 178)";14;9,29716;9138785
"C(389; 1, 31)";14;9,30928;10631768
"C(389; 1, 51)";14;9,30928;10631768
"C(389; 1, 61)";14;9,30928;10631768
"C(389; 1, 138)";14;9,30928;10631768
"C(391; 1, 27)";14;9,33333;10583438
"C(391; 1, 29)";14;9,33333;10583438
"C(391; 1, 53)";14;9,33333;10583438
"C(391; 1, 59)";14;9,33333;10583438
"C(392; 1, 27)";14;9,34527;9321853
"C(392; 1, 29)";14;9,34527;9321853
"C(392; 1, 83)";14;9,34527;9321853
"C(392; 1, 85)";14;9,34527;9321853
"C(392; 1, 139)";14;9,34527;9321853
"C(392; 1, 141)";14;9,34527;9321853
"C(392; 1, 182)";14;9,34527;9321853
"C(393; 1, 27)";14;9,35714;12804927
"C(393; 1, 29)";14;9,35714;12804927
"C(393; 1, 122)";14;9,35714;12804927
"C(393; 1, 150)";14;9,35714;12804927
"C(394; 1, 106)";14;9,36896;10157397
"C(395; 1, 90)";14;9,38071;11485405
"C(395; 1, 140)";14;9,38071;11485405
"C(397; 1, 52)";14;9,40404;11583309
"C(397; 1, 84)";14;9,40404;11583309
"C(397; 1, 105)";14;9,40404;11583309
"C(397; 1, 121)";14;9,40404;11583309
"C(398; 1, 54)";14;9,41562;10351047
"C(399; 1, 183)";14;9,42714;12254452
"C(401; 1, 32)";14;9,45;71847659
"C(403; 1, 26)";14;9,47264;87984471
"C(404; 1, 26)";14;9,48387;78521737
"C(405; 1, 30)";14;9,49505;81041227
"C(406; 1, 28)";14;9,50617;79800549
"C(407; 1, 28)";14;9,51724;87509924
"C(409; 1, 110)";14;9,53922;88313552
"C(411; 1, 87)";14;9,56098;85377088
"C(412; 1, 54)";14;9,57178;83518074
"C(413; 1, 56)";14;9,58252;90364057
"C(415; 1, 90)";14;9,60386;90589180
"C(416; 1, 110)";14;9,61446;78513647
"C(417; 1, 150)";14;9,625;79992452
"C(418; 1, 196)";14;9,63549;90802250
"C(419; 1, 27)";14;9,64593;108684649
"C(421; 1, 29)";14;9,66667;105024280
"C(422; 1, 196)";15;9,67933;94404975
"C(423; 1, 150)";15;9,69194;103363364
"C(424; 1, 114)";15;9,70449;97231983
"C(425; 1, 90)";15;9,71698;107836263
"C(427; 1, 56)";15;9,74178;110584142
"C(428; 1, 58)";15;9,7541;106759568
"C(429; 1, 93)";15;9,76636;98403108
"C(431; 1, 114)";15;9,7907;119079079
"C(433; 1, 32)";15;9,81481;120719331
"C(434; 1, 28)";15;9,82679;104119771
"C(435; 1, 28)";15;9,83871;115071901
"C(436; 1, 30)";15;9,85057;109786549
"C(437; 1, 155)";15;9,86239;125601825
"C(438; 1, 136)";15;9,87414;106767275
"C(439; 1, 93)";15;9,88584;126509295
"C(440; 1, 156)";15;9,89749;107035028
"C(442; 1, 58)";15;9,92063;94259895
"C(443; 1, 60)";15;9,93213;101436848
"C(444; 1, 94)";15;9,94357;88175318
"C(445; 1, 160)";15;9,95495;100062481
"C(446; 1, 118)";15;9,96629;95012127
"C(447; 1, 33)";15;9,97758;99545145
"C(448; 1, 210)";15;9,98881;97941617
"C(449; 1, 29)";15;10;110610544
"C(450; 1, 29)";15;10,0111;95305136
"C(451; 1, 29)";15;10,0222;111053489
"C(452; 1, 98)";15;10,0333;102439931
"C(453; 1, 84)";15;10,0442;107872078
"C(454; 1, 86)";15;10,0552;104681417
"C(455; 1, 200)";15;10,0661;111380700
"C(456; 1, 164)";15;10,0769;100606583
"C(457; 1, 62)";15;10,0877;117158052
"C(458; 1, 60)";15;10,0985;109978855
"C(459; 1, 87)";15;10,1092;113675765
"C(460; 1, 34)";15;10,1198;107098287
"C(491; 1, 93)";16;10,449;175244351
"C(493; 1, 155)";16;10,4715;200098815
"C(494; 1, 34)";16;10,4828;186946194
"C(495; 1, 30)";16;10,4939;184056870
"C(496; 1, 30)";16;10,5051;186378586
"C(497; 1, 32)";16;10,5161;193549188
"C(499; 1, 132)";16;10,5382;193261741
"C(501; 1, 93)";16;10,56;189741642
"C(502; 1, 68)";16;10,5709;186004776
"C(503; 1, 66)";16;10,5817;202448505
"C(505; 1, 90)";16;10,6032;204739949
"C(506; 1, 136)";16;10,6139;196798637
"C(507; 1, 96)";16;10,6245;197605757
"C(508; 1, 236)";16;10,6351;189751243
"C(509; 1, 35)";16;10,6457;209285079
"C(511; 1, 31)";16;10,6667;199379904
"C(512; 1, 31)";16;10,6771;205012183
"C(513; 1, 31)";16;10,6875;219406339
"C(514; 1, 120)";16;10,6979;204353749
"C(515; 1, 90)";16;10,7082;224874141
"C(516; 1, 92)";16;10,7184;197306672
"C(517; 1, 98)";16;10,7287;231360655
"C(518; 1, 60)";16;10,7389;207066919
"C(519; 1, 62)";16;10,749;219254880
"C(520; 1, 152)";16;10,7592;204195453
"C(521; 1, 91)";16;10,7692;230654267
"C(522; 1, 214)";16;10,7793;201964443
"C(523; 1, 36)";16;10,7893;236166667
"C(524; 1, 184)";16;10,7992;220378087
"C(525; 1, 30)";16;10,8092;217103446
"C(526; 1, 30)";16;10,819;217118685
"C(527; 1, 34)";16;10,8289;236552859
"C(528; 1, 32)";16;10,8387;190942884
"C(529; 1, 32)";16;10,8485;213322693
"C(530; 1, 188)";16;10,8582;192003899
"C(531; 1, 124)";16;10,8679;233079372
"C(532; 1, 220)";16;10,8776;230177019
"C(533; 1, 95)";16;10,8872;260234219
"C(534; 1, 158)";16;10,8968;225280674
"C(535; 1, 62)";16;10,9064;259795468
"C(536; 1, 64)";16;10,9159;242652309
"C(537; 1, 157)";16;10,9254;252365765
"C(538; 1, 94)";16;10,9348;242710861
"C(539; 1, 100)";16;10,9442;260869560
"C(540; 1, 128)";16;10,9536;224177214
"C(541; 1, 168)";16;10,963;267530312
"C(542; 1, 256)";16;10,9723;254920314
"C(543; 1, 31)";16;10,9815;255260294
"C(545; 1, 33)";16;11;263433104
"C(546; 1, 256)";17;11,011;207850291
"C(547; 1, 172)";17;11,022;242162348
"C(548; 1, 128)";17;11,0329;208062952
"C(549; 1, 104)";17;11,0438;213596269
"C(550; 1, 98)";17;11,0546;202959610
